PID,DID,Conference,IsTopTier,Paper,Code Form,Domain,Analysis,Analysis Artifact,Artifact class,Transformation,Artifact form,Canonicalization,Canonicalization_Method,Split basis,Token Unit,Tokenization_Technique,Encoding,Encoding_NAs,Encoding examples,Embedding_Method,Embedding examples,Learning_Category,Learning_Subcategory,Learning_Trainable,for claude,Learning_Model,Learning_Model(Old),Inference_Category,Inference_Output,Evaluation_Metric
P002,D02,NDSS,TRUE,"XDA: Accurate, Robust Disassembly with Transfer Learning",Byte,Code boundary (instruction/function) detection,Triage > Structural analysis,Byte,Code representations,Code representation -> Sequence,Sequence,N/A,N/A,Atomic units,Byte,Byte-level,Sparse,Sparse,One-hot,Context-dependent,BERT-based,Discriminative,Detection,Yes,BERT-based,BERT-based + MLP classifier,Transformer encoder + MLP classifier,Detection,Per-byte/per-instruction boundary label,Precision; Recall; F1
P003,D02,USENIX Security,TRUE,DeepDi: Learning a Relational Graph Convolutional Network Model on Instructions for Fast and Accurate Disassembly,Assembly,Code boundary (instruction/function) detection,Static > Disassembly; Static > Control-flow analysis,instruction format fields | IFG,Code representations | Graph representations,Code representations -> Numeric descriptor | Graph representation -> Graph,Numeric descriptor | Graph,Feature value removal  | Node attribute mapping; Edge attribute mapping,Numeric descriptor > Feature value removal | Graph > Node attribute mapping; Edge attribute mapping; Node feature mapping,N/A | N/A,N/A | N/A,N/A | N/A,Dense | Dense,N/A | N/A,N/A |  Node feature mapping,Context-dependent | Context-dependent,RNN | RGCN,Discriminative,Detection,Yes,RNN → R-GCN,(RNN → R-GCN) + MLP classifer,DeepDi joint model: vanilla RNN instruction-tuple encoder + R-GCN over IFG + MLP for instruction-validity head; downstream classifier identifies function entry-points,Detection,Per-instruction boundary label + per-function entry label,Precision; Recall; F1
P004,D02,USENIX Security,TRUE,Tady: A Neural Disassembler without Structural Constraint Violations,Byte,Code boundary (instruction/function) detection,Static > Disassembly | Static > Control-flow analysis,Byte | CFG,Code representations | Graph representations,Code representation -> Sequence | Graph representation -> Sequence,Sequence | Sequence,N/A | N/A,Byte format replacement,Atomic units | N/A,Byte | N/A,Byte-level | N/A | N/A,Sparse | Dense,N/A,N/A  | N/A,Context-dependent | Context-dependent,RNN | Transformer-based,Discriminative,Detection,Yes,RNN  → Transformer-based,(RNN -> Transformer-based) + MLP classifier + PDT-based post-processing,"RNN instruction encoder + Hybrid Transformer (Masked Sliding Window Attention, Global Message Passing) + classification head",Detection,Per-byte/per-instruction boundary label,Precision; Recall; F1
P005,D02,USENIX Security,TRUE,Recognizing Functions in Binaries with Neural Networks,Byte,Code boundary (instruction/function) detection,Triage > Structural analysis,Byte,Code representations,Code representation -> Sequence,Sequence,N/A,N/A,Atomic units,Byte,Byte-level,Sparse,Sparse,One-hot,Context-dependent,BiRNN,Discriminative,Detection,Yes,BiRNN,BiRNN + MLP classifier,Bidirectional RNN + MLP classifier,Detection,Per-byte/per-instruction boundary label,Precision; Recall; F1
P007,D02,ESEC/FSE,TRUE,FunProbe: Probing Functions from Binary Code through Probabilistic Analysis,Assembly,Code boundary (instruction/function) detection,Triage > Structural analysis; Static> Disassembly; Static > Call-site analysis,Header; sections; imports; assmebly; ICFG,Binary facts; Binary facts; Binary facts; Code representation; Graph representation,Binary facts; Binary facts; Binary facts; Code representation; Graph representation-> Graph,Graph,structural transformation,Relevant-subgraph filtering,N/A,N/A,N/A | N/A,Dense,N/A,Edge feature mapping,N/A,N/A,Rule-based reasoning,Probabilistic reasoning,No,N/A,Bayesian Network + belief propagation,Bayesian Network with belief propagation; bogus dependency pruning preprocessing,Detection,Per-address P(function-start) posterior,Precision; Recall; F1
P008,D03,S&P,TRUE,Neutaint: Efficient Dynamic Taint Analysis with Neural Networks,Fetched instruction,Data flow (taint) reconstruction,Security Testing > Fuzzing; Dynamic Analysis > Behavioral monitoring,Mutated input; source-sink record,Test sets; Binary facts,Test sets; Binary facts -> Numeric descriptor,Numeric descriptor,Feature value scaling,Numeric value scaling,N/A,N/A,N/A,Dense,Dense,N/A,N/A,N/A,Discriminative,Detection,Yes,N/A,FC layer,3-layer FC neural network,Reconstruction,Saliency-based input-byte -> sink dependency,hot byte accuracy; FPR
P011,D03,NDSS,TRUE,One Engine To Serve ’em All: Inferring Taint Rules Without Architectural Semantics,Fetched instruction,Data flow (taint) reconstruction,Dynamic > Forced execution; Dynamic > Dynamic taint analysis,Runtime-value state; taint map,Binary facts; snapshot,Binary facts; snapshot-> Numeric descriptor,Numeric descriptor,N/A,N/A,N/A,N/A,N/A,Dense,Sparse,N/A,N/A,N/A,Rule-based reasoning,Deterministic reasoning,No,N/A,ESPRESSO Boolean minimizer,Single-bit-flip rule inference (TaintProp Algorithm 1) + ESPRESSO greedy boolean DNF minimization,Reconstruction,Boolean taint propagation rules in DNF,instruction coverage; correctness
P012,D03,ESEC/FSE,TRUE,NeuDep: Neural Binary Memory Dependence Analysis,"Fetched instruction, Assembly",Data flow (taint) reconstruction,Dynamic > Forced execution,Instruction trace | Instruction address | Runtime value trace,Text streams | Binary facts | Text streams,Text streams  -> Sequence | Binary facts -> Sequence | Text streams -> Sequence,Sequence | Sequence | Sequence,Filtering by removal | Byte value scaling | Byte value scaling,element replacement | Byte value scaling | Byte value scaling,Syntactic units  | Atomic units | Atomic units |,Instruction/IR-level | Byte | Byte,element | Byte-level | Byte-level,Sparse | Dense | Dense,N/A,N/A | N/A | N/A,Context-dependent | Context-independent | Context-independent,Transformer-based | CNN | CNN,Discriminative,Detection,Yes,Transformer-based || CNN || CNN,(Transformer-based || CNN || CNN) + MLP classifier,Joint encoder (l self-attention on instructions + sigmoid-gated multimodal fusion + L-l self-attention) + MLP_dep prediction head,Reconstruction,Per-instruction memory-dependence label,Detect; Miss; FP
P013,D03,USENIX Security,TRUE,DEEPVSA: Facilitating Value-set Analysis with Deep Learning for Postmortem Program Analysis,Fetched instruction,Data flow (taint) reconstruction,Dynamic > Execution tracing,instruction trace,Text streams,Text streams -> Sequence,Sequence,Byte value scaling,Byte value scaling,Atomic units,Byte,Byte-level,Sparse,Sparse,One-hot,Context-dependent,Hierarchical BiLSTM,Discriminative,Classification,Yes,Hierarchical BiLSTM,Hierarchical BiLSTM + softmax classifier,Bidirectional hierarchical LSTM,Reconstruction,Per-byte memory region label (global/heap/stack/other),Precision; Recall; F1 score
P015,D05,FSE,TRUE,BinGo: Cross-Architecture Cross-OS Binary Search,REIL,Code similarity detection,Static > Disassembly;  Static > Call-site analysis; Static > IR lifting; Security Testing > Symbolic execution,Assembly; ICFG; IR; symbolic expression; pre/post-state values,Code representations; Graph representations; Code representations;  Logical Expressions; Binary facts,Code representations; Graph representations; Code representations;  Logical Expressions; Binary facts -> Numeric descriptor,Numeric descriptor,N/A,N/A,N/A,N/A,N/A,Sparse,N/A,N/A,N/A,N/A,Rule-based reasoning,Deterministic reasoning,No,N/A,Jaccard containment of function models,Multi-stage matching: selective inlining + UCSE partial traces + abstracted signature sets + Jaccard containment similarity,Detection,Jaccard similarity score / Z3 matches,Percentage ranked #1; Top-K match rate; matching accuracy
P016,D05,AAAI,TRUE,Order Matters: Semantic-Aware Neural Networks for Binary Code Similarity Detection,Assembly,Code similarity detection,Static > Disassembly | Static >control-flow analys,Assembly | CFG,Code representations | Graph representation,Code representation -> Sequence | Graph representation -> Graph,Sequence | Graph,N/A | N/A,N/A | N/A,Data-driven | N/A,BPE | N/A,N/A | N/A,Sparse | Dense,Sparse | Dense,N/A | adjacency-matrix,Context-dependent | Context-dependent,BERT-based | ResNet,Discriminative,Detection,Yes,BERT-based MPNN -> ResNet,(BERT-based MPNN -> ResNet) + Siamese MLP head,"BERT (4 tasks: MLM, ANP, BIG, GC) + MPNN with GRU update + 11-layer ResNet on CFG adjacency matrix + concat MLP; siamese cosine for BCSD",Detection,Cosine/Euclidean similarity; ranked function list,Rank1; MRR
P017,D05,NeurIPS,TRUE,CodeCMR: Cross-Modal Retrieval For Function-Level Binary Source Code Matching,Assembly,Code similarity detection,Static > Disassembly | Static > control flow analysis | Triage > Binary profiling | Triage > Binary profiling,Assembly | CFG | Strings | Constant,Code representations | Graph representation | Text Stream | Binary Facts,Code representaion -> Sequence | Graph representation -> Graph | String literals -> Sequence | Binary facts -> Sequence,Sequence | Graph | Sequence | Sequence,N/A | N/A | N/A  | N/A,N/A | N/A | N/A | N/A,N/A | N/A | Atomic units | N/A,N/A | N/A | Character | N/A,Character-level | N/A | Character-level | Token-per-integer,Sparse | Dense | Sparse | Sparse,N/A | N/A,N/A | Node feature mapping | N/A | N/A,Context-dependent | Context-dependent | Context-dependent | Context-dependent,Hierarchical BiLSTM | GGNN | Hierarchical-LSTM | Integer-LSTM,Discriminative,Detection,Yes,(Hierarchical BiLSTM -> GGNN) || Hierarchical-LSTM || Integer-LSTM,(HBMP-> GGNN) || Hierarchical-LSTM || Integer-LSTM,Cross-modal dual encoder (DPCNN+HBMP+GGNN+LSTMs),Detection,Cosine/Euclidean similarity; ranked function list,Recall@1; Recall@10
P022,D05,ICSE,TRUE,Cross-Inlining Binary Function Similarity Detection,Assembly,Code similarity detection,Static > Disassembly; Static > Control-flow analysis,Assembly; CFG,Code representations; Graph representations,Code representations; Graph representation -> Graph,Graph,N/A,Granuaility-based | N/A,N/A,N/A,N/A,Dense,Dense,Node feature mapping,Context-dependent,GNN,Discriminative,Detection,Yes,GNN,GNN ensemble +  Euclidean similarity,CI-Detector: 3 GNN models (encoder + propagation + aggregator) trained separately for Leaf/Root/Internal inlining; margin-based pairwise loss on Euclidean distance; max-similarity aggregation at inference,Detection,Ranked function list across inlining patterns,Accuracy; Precision; Recall; F1-score; AUC
P023,D05,ICSE,TRUE,BinAug: Enhancing Binary Similarity Analysis with Low-Cost Input Repairing,Assembly,Code similarity detection,Static > Disassembly | Static > Intra-procedural control flow analysis,Assembly | CFG,Code representations | Graph representations,Code representation -> Sequence | Graph representation -> Graph,Sequence | Graph,Abstraction by replacement  | N/A,Granuaility-based | N/A,Syntactic units | N/A,whole instruction | N/A,N/A,Sparse | Dense,N/A | N/A,N/A | Node feature mapping,Context-dependent | Context-dependent,BERT-based | Structure2Vec,Discriminative,Detection,No,BERT-based -> Structure2Vec,Siamese(BERT-based -> Structure2Vec) + cosin similarity,BinAug re-ranking framework (LCS masking + Hungarian alignment + CFG transforms),Detection,Cosine/Euclidean similarity; ranked function list,Precision@K
P024,D05,USENIX Security,TRUE,Code is not Natural Language: Unlock the Power of Semantics-Oriented Graph Representation for Binary Code Similarity Detection,Pcode IR,Code similarity detection,Static > Disassembly; Static > IR lifting; Static > Control-flow analysis; Static > Data-flow analysis,Assembly; IR; CFG; def-use chains,Code representations; Code representations; Graph representations; Graph representations,Code representations; Code representations; Graph representations; Graph representations -> Graph,Graph,Structural transformation; node attribute mapping; edge attribute mapping,Graph node-attribute editing,N/A,N/A,Token-per-SOG-node (instruction / integer-literal / register-token sub-types per architecture),Sparse,N/A,Node attribute IDs; Edge attribute IDs,Context-dependent,Bidirectional GGNN,Discriminative,Detection,Yes,Bidirectional GGNN,(Bidirectional GGNN with GRU) + cosin similarity,HermesSim (bidirectional GGNN + multi-head softmax aggregator) in Siamese architecture; margin-based pairwise loss with distance-weighted negative sampling,Detection,Ranked function list with cosine similarity,Recall@1; MRR
P025,D05,ICSE,TRUE,BinaryAI: Binary Software Composition Analysis via Intelligent Binary Source Code Matching,"Source code, Decompiled code",Code similarity detection,Static > Disassembly; Static > Decompilation,Pseudocode,Code representations,Code representations -> Sequence,Sequence,N/A,N/A,Data-driven segmentation,Subword (Pretrained-LLM),Built-in llm tokenizer | Built-in llm tokenizer,Sparse,N/A,N/A,Context-dependent,Transformer-based,LLM-based,LLM-based finetuning,Yes,Transformer-based,Transformer-based (Pythia) + cosine similarity,Pythia-410M + CLIP-style contrastive + MoCo + FAISS + locality-driven matching,Detection,Cosine/Euclidean similarity; ranked function list,MRR; Recall@K
P027,D05,NeurIPS,TRUE,Transforming Generic Coder LLMs to Effective Binary Code Embedding Models for Similarity Detection,Assembly,Code similarity detection,Static > Disassembly,Assembly,Code representations,Code representation -> Sequence,Sequence,Abstraction by replacement,Assembly instruction element replacement,Data-driven segmentation,Subword (Pretrained-LLM),Built-in llm tokenizer,Sparse,N/A,N/A,Context-dependent,LLM2Vec,LLM-based,LLM-based finetuning,Yes,LLM2Vec,Transformer-based with LLM2Vec + contrastive learning (cosine retriever),EBM: Qwen2.5-Coder-0.5B - 4-stage training (data augmentation + causal AR translation + LLM2Vec MNTP + cGTE contrastive),Detection,Cosine similarity; threshold-based pair decision,MRR; Recall@1; Accuracy
P028,D05,CCS,TRUE,Neural Network-based Graph Embedding for Cross-Platform Binary Code Similarity Detection,Assembly,Code similarity detection,Static > Disassembly; Static > Control-flow analysis; Triage > Binary profiling,Assembly; CFG; strings; constants,Code representations; Graph representations; Text stream; Binary facts -> Graph,Code representations; Graph representations; String Literals; Binary facts -> Graph,Graph,Node attribute mapping; Edge attribute mapping,Graph node-attribute editing,N/A,N/A,N/A,Dense,Dense,Node feature mapping,Context-dependent,Structure2vec,Discriminative,Detection,Yes,Structure2vec,Structure2vec with SiameseNN + cosine similarity,Gemini (Structure2Vec-style GNN encoder + Siamese),Detection,Cosine/Euclidean similarity; ranked function list,AUC; Precision@50; Top-K accuracy
P030,D05,ICML,TRUE,Graph matching networks for learning the similarity of graph structured objects,Assembly,Code similarity detection,Static > Disassembly; Static > Control-flow analysis,Assembly; CFG,Code representations; Graph representations,Code representations; Graph representations -> Graph,Graph,Node attribute mapping; Edge attribute mapping,Graph node-attribute editing,N/A,N/A,Instruction-type-level (operands discarded),Dense,N/A,Node feature mapping,Context-dependent,GNN,Discriminative,Detection,Yes,GNN,GNN + Hamming similarity,GNN embedding model + GMN matching model,Detection,Cosine/Euclidean similarity; ranked function list,Pair AUC; Triplet accuracy
P031,D05,NDSS,TRUE,Neural Machine Translation Inspired Binary Code Similarity Comparison beyond Function Pairs,Assembly,Code similarity detection,Static > Disassembly,Assembly,Code representations,Code representations-> Sequence,Sequence,Abstraction by replacement,Assembly instruction element replacement,Syntactic units,whole instruction,Instruction-level,Sparse,N/A,N/A,Context-dependent,word2vec,Discriminative,Detection,Yes,word2vec,(word2vec -> Siamese LSTM) + ICFG path LCS matching,INNEREYE: word2vec skip-gram i2v + Siamese LSTM with Manhattan-distance similarity trained with MSE loss,Detection,Cosine/Euclidean similarity; ranked function list,AUC; ROC
P032,D05,S&P,TRUE,Asm2Vec: Boosting Static Representation Robustness for Binary Clone Search against Code Obfuscation and Compiler Optimization,Assembly,Code similarity detection,Static > Disassembly; Static > Control-flow analysis; Static > Call-site analysis,Assembly; ICFG,Code representations; Graph representations,Code representation; Graph representation -> Sequence,Sequence,Abstraction by replacement,Assembly instruction element replacement,Syntactic units,Instruction/IR-level,Instruction-field-level,Sparse,N/A,N/A,Context-independent,PV-DM,Discriminative,Detection,Yes,PV-DM,PV-DM + cosin similarity,Asm2Vec (PV-DM with negative sampling),Detection,Cosine/Euclidean similarity; ranked function list,Precision@1; Recall@K; Precision-Recall curve
P038,D21,NeurIPS,TRUE,Source Code Foundation Models are Transferable Binary Analysis Knowledge Bases,"Assembly, Decompiled code",Code similarity detection,Static Analysis > Disassembly | Static Analysis > Program-dependence analysis | Static Analysis > Decompilation,Assembly | PDG | Pseudocode,Code representations | Graph representations | Code representations,Code representations  -> Sequence | Graph representations -> Graph | Code representations -> Sequence,Sequence | Graph | Sequence,N/A | N/A | N/A,Assembly instruction element replacement | Graph edge editing | N/A,Syntactic units | N/A | Data-driven segmentation,whole instruction | N/A | Subword (Pretrained-LLM),Delimiter/symbol-based (inherited from CodeArt: opcode/operand separation with <INST>) | N/A | Black-box LLM tokenizer (GPT-3.5 / Claude-3 / Gemini-Pro),Sparse | Dense | Sparse,N/A | N/A,N/A | adjacency matrix | N/A,Context-dependent | Context-dependent | Context-dependent,BERT-based | BERT-based  | Transformer-based,Generative | LLM-based,Generative | LLM-based prompting,Yes,BERT-based  || BERT-based  | Transformer-based,(BERT-based  || BERT-based  ) +  LLM prompting,ProRec (CodeArt encoder + MLP + frozen CodeLlama-34b),Summarization,Recovered source/binary mapping,CHRF; GPT4-based functionality score; GPT4-based context relevance score; token-level precision; token-level recall; token-level F1; character-level BLEU; character-level ROUGE-L; character-level METEOR
P040,D06,CCS,TRUE,Learning to Explore Paths for Symbolic Execution,LLVM IR,Symbolic path discovery,Security Testing > Symbolic execution,symbolic state,Binary facts,Binary facts -> Numeric descriptor,Numeric descriptor,N/A,N/A | N/A,N/A,N/A,N/A | N/A,Dense,Dense,N/A,N/A,N/A,Discriminative,Classification,Yes,N/A,MLP regressor,"Learch: ensemble of 4 feedforward neural networks (3 linear layers, 64 hidden units, ReLU; regression of reward); trained iteratively via Algorithm 4 (4 iterations); at inference, 4 strategies run in parallel time slots and tests are unioned",Discovery,Path priority regression score,line coverage/ELOC
P041,D07,S&P,TRUE,OSPREY: Recovery of Variable and Data Structure via Probabilistic Analysis for Stripped Binary,Assembly,Data structure/struct layout recovery,Static > Disassembly; Static > Control-flow analysis; Static > Data-flow analysis; Static > Pointer/alias analysis; Static > Stack-frame analysis,"Assembly; CFG; DFG, def-use chains; points-to relations; Stack-frame layout",Code representations; Graph representations;  Graph representations; Graph representations; Binary Facts; Binary Facts,Code representations; Graph representations;  Graph representations; Graph representations; Binary Facts; Binary Facts-> Graph,Graph,Structural transformation,N/A,N/A,N/A,N/A,Dense,N/A,Edge feature mapping,N/A,N/A,Rule-based reasoning,Probabilistic reasoning,No,N/A,Factor graph +  belief propagation,CRF over type variables + BAP data-flow analysis,Recovery,Posterior over variable type / struct field,Precision; Recall; F1; tree difference
P042,D07,CCS,TRUE,ReSym: Harnessing LLMs to Recover Variable and Data Structure Symbols from Stripped Binaries,Decompiled code,Data structure/struct layout recovery,Static > Decompilation; Static > Stack-frame analysis | Static > Decompilation; Static > Stack-frame analysis | Static > Data-flow analysis; Static > Pointer/alias analysis; Static > Call-site analysis,"Pseudocode; Stack-frame layout | Pseudocode; Stack-frame layout (variable slots, offsets) | DFG, def-use chains; points-to relations; CG",Code representations; Binary facts | Code representations; Binary facts | Graph representations; Graph representations; Binary fact; Graph representations,Code representations; Binary facts -> Sequence | Code representations; Binary facts -> Sequence | Graph representations; Graph representations; Binary fact; Graph representations -> Graph,Sequence | Sequence | Graph,Abstraction by replacement | Abstraction by replacement | Structural transformation,Decompiled identifier replacement,Data-driven segmentation | Data-driven segmentation | N/A,Subword (Pretrained-LLM) | Subword (Pretrained-LLM) | N/A,Built-in llm tokenizer,Sparse | Sparse | Dense,N/A,N/A | N/A | N/A,Context-dependent | Context-dependent | N/A,Transformer-based | Transformer-based | N/A,LLM-based | Rule-based,LLM-based finetuning | Determinstic reasoning,Yes,Transformer-based || Transformer-based | N/A,(Transformer-based || Transformer-based)  + Deterministic reasoning,Two fine-tuned LLMs (VarDecoder + FieldDecoder) + Prolog constraint solver,Recovery,Recovered variable/struct fact,Precision; Recall; F1
P043,D07,S&P,TRUE,TypeForge: Synthesizing and Selecting Best-Fit Composite Data Types for Stripped Binaries,Decompiled code,Data structure/struct layout recovery,Static > Decompilation; Static > IR lifting; Static > Data-flow analysis; Static > Call-site analysis; Static > Stack-frame analysis | Static > Decompilation,"Pseudocode; IR; DFG, def-use chains; CG; Stack-frame layout (variable slots, offsets) | Pseudocode",Code representations; Code representations; Graph representations; Graph representations;  Graph representations; Binary Facts| Code representations,Code representations; Code representations; Graph representations; Graph representations;  Graph representations; Binary Facts -> Graph | Code representations -> Sequence,Graph | Sequence,Structural transformation; node attribute mapping; edge attribute mapping | N/A,N/A,N/A | Data-driven segmentation,N/A | Subword (Pretrained-LLM),Built-in llm tokenizer,Dense | Sparse,N/A,N/A | N/A,N/A | Context-dependent,N/A | N/A,Rule-based reasoning | LLM-based,Deterministic reasoning | LLM-based prompting,No | No,N/A | N/A,TFG-based deterministic type synthesis -> GPT-4o mini LLM-assisted double-elimination selector,TFG + fixpoint constraint propagation; GPT-4o mini,Recovery,Recovered variable/struct fact,Precision; Recall; F1
P044,D08,FSE,TRUE,StateFormer: Fine-Grained Type Recovery from Binaries using Generative State Modeling,"Assembly, Fetched instruction",Variable type recovery,Static > Disassembly; Dynamic > Forced execution | Static > Disassembly,"Assembly; Memory-access trace, runtime-value trace, instruction address | Assembly",Code representations; Text streams; Text streams; Binary facts | Code representations,Code representations; Text streams; Text streams; Binary facts -> Sequence | Code representations -> Sequence,Sequence | Sequence,Abstraction by replacement | Abstraction by replacement,N/A,Syntactic units | Syntactic units,Instruction/IR-level | Instruction/IR-level,Opcode/operand/punctuation tokenization; numeric constants normalized to hex,Sparse | Sparse,N/A,N/A | N/A,Context-dependent | Context-dependent,Transformer-based | Transformer-based,Discriminative,Classification,Yes,Transformer-based  -> Transformer-based,(Transformer-based  -> Transformer-based) -> MLP classifier,Transformer decoder (GSM pretrain); Pretrained Transformer encoder + linear head,Recovery,Predicted variable type label,Accuracy; Precision; Recall; F1 score
P048,D08,USENIX Security,TRUE,TYGR: Type Inference on Stripped Binaries using Graph Neural Networks,VEX IR,Variable type recovery,Static > IR lifting; Static > Control-flow analysis; Static > Data-flow analysis,"IR; CFG; DFG, def-use chains",Code representations; Graph representations; Graph representations; Graph representations,Code representations; Graph representations; Graph representations; Graph representations -> Graph,Graph,Structural transformation,N/A,N/A,N/A,N/A,Dense,Sparse,Node feature mapping; Edge feature mapping,Context-dependent,RGCN,Discriminative,Classification,Yes,RGCN,R-GCN + MLP classifier,Two-model RGCN pipeline (primitive types + struct fields),Recovery,Predicted variable type label,Overall accuracy; struct accuracy; Precision; Recall; F1 score
P049,D08,USENIX Security,TRUE,TRex: Practical Type Reconstruction for Binary Code,Custom IR,Variable type recovery,Static > IR lifting; Static > Data-flow analysis,"IR; DFG, def-use chains, memory-access facts",Code representations; Graph representations; Graph representation; Binary facts,Code representations; Graph representations; Graph representation; Binary facts-> Graph,Graph,Structural transformation,N/A,N/A,N/A,N/A,Dense,N/A,N/A,N/A,N/A,Rule-based reasoning,Deterministic reasoning,No,N/A,Deductive type reconstruction (deductive constraint generation/solving + type rounding + nominal-type reconstruction),Multi-phase constraint-based type reconstruction (TRex Rust),Recovery,Predicted variable type label,Precision; Recall; F1; mean score
P050,D09,USENIX Security,TRUE,Neural Nets Can Learn Function Type Signatures From Binaries,Assembly,Function signature recovery,Static > Disassembly; Static > Call-site analysis | Static > Disassembly,Assembly; CG | Assembly,Code representations; Graph representations | Code representations,Code representations; Graph representations -> Sequence | Code representations -> Sequence,Sequence | Sequence,N/A | N/A,N/A,Syntactic units | Syntactic units,whole instruction | whole instruction,"Instruction-level (each instruction as one hex token, e.g., push %ebp -> 0x55; Sec 3.1)",Sparse | Sparse,Sparse,N/A | N/A,Context-independent | Context-dependent,Word2Vec | GRU,Discriminative,Classification,Yes,Word2Vec -> GRU,(Word2Vec -> GRU) | MLP classifeir,3-layer bidirectional GRU RNN (EKLAVYA),Recovery,Per-argument count and type label,Precision; Recall; Accuracy; F1 score
P051,D09,CCS,TRUE,Recover Function Signature from Combined Constraints,Decompiled code,Function signature recovery,Static > Decompilation; Static > Data-flow analysis; Static > Call-site analysis,"Pseudocode; DFG, def-use chains; CG",Code representations; Graph representations; Graph representations; Graph representations,Code representations; Graph representations; Graph representations; Graph representations -> Graph,Graph,Structural transformation,N/A,N/A,N/A,N/A,Dense,N/A,Edge feature mapping,N/A,N/A,Rule-based reasoning,Probabilistic reasoning,No,N/A,factor graph probabilistic graphical model + belief propagation,Factor graph with Loopy Belief Propagation (CDA),Recovery,Argument-count / type posterior,Precision; Recall; Accuracy; F1 score
P054,D10,NDSS,TRUE,Beyond Classification: Inferring Function Names in Stripped Binaries via Domain Adapted LLMs,Decompiled code,Function symbol name recovery,Static > Decompilation,pseudocode,Code representations,Code representations -> Sequence,Sequence,Abstraction by replacement,N/A,Data-driven segmentation,Subword (Pretrained-LLM),Byte pair encoding (Subword (BPE)),Sparse,N/A,N/A,Context-dependent,Transformer-based,LLM-based,LLM-based finetuning,Yes,Transformer-based,Code Llama (with Lora),SYMGEN (Code Llama 34B + LoRA),Recovery,Generated function name (subword sequence),Precision; Recall; F1 score
P057,D10,CCS,TRUE,SymLM: Predicting Function Names in Stripped Binaries via ContextSensitive Execution-Aware Code Embeddings,"Fetched instruction, Assembly",Function symbol name recovery,Dynamic > Forced execution | Static > control-flow analysis; Static > call-site analysis,instruction trace; runtime-value trace | ICFG,Text streams; Text streams | Graph representations,Text streams; Text streams -> Sequence | Graph representation -> Numeric descriptor,Sequence | Numeric descriptor,Abstraction by replacement   | N/A,N/A,Syntactic units | N/A,whole instruction | N/A,Output label: camelCase + snake_case splitting + unigram LM word segmentation from CodeSearchNet 1.5M function-name corpus (Sec 4.2) | N/A (calling-context aggregation only),Sparse | Dense,N/A | N/A,N/A | N/A,Context-dependent | Context-independent,Transformer-based | lookup layer,Discriminative,Classification,Yes,Transformer-based || lookup layer,(Transformer-based; Trex || lookup layer) + MLP decoder,SymLM (TREX encoder + calling context embedding + 2-layer MLP decoder),Recovery,Generated function name (subword sequence),Precision; Recall; F1 score
P059,D10,S&P,TRUE,XFL: Naming Functions in Binaries with Extreme Multi-label Learning,"Assembly, VEX IR",Function symbol name recovery,Static > Control-flow analysis | Static > call-site analysis | Triage > Structrual analysis; Static > Disassembly; Static > IR lifting; Static > static taint analysis,ICFG | CG | assembly; IR; imports; constants; tainted values,Graph representations | Graph representations | Code representations; Code representations; Binary facts; Binary facts; Binary facts,Graph representations -> Numeric descriptor | Graph representations -> Numeric descriptor | Code representations; Code representations; Binary facts; Binary facts; Binary facts -> Numeric descriptor,Numeric descriptor | Numeric descriptor | Numeric descriptor,N/A | N/A | feature value scaling,N/A,N/A | N/A | N/A,N/A | N/A | N/A,N/A,Dense | Dense | Dense,Dense,N/A | N/A | N/A,Context-independent | Context-independent | Context-independent,LDP | BoostNE | Autoencoder,Discriminative,Classification,Yes,(LDP || BoostNE ) -> Autoencoder,((LDP || BoostNE ) -> Autoencoder ) + MLP classifier,XFL (DEXTER autoencoder + PfastreXML + trigram LM),Recovery,Multi-hot function name label vector,Precision; Recall; F1; AUC
P062,D10,USENIX Security,TRUE,BLens: Contrastive Captioning of Binary Functions using Ensemble Embedding,Assembly,Function symbol name recovery,[Pamtree] Static > Disassembly; Static > Control-dependence analysis; Static > Data-dependence analysis | [CLAP] Static > Disassembly | [DEXTER] Static > Control-flow analysis; Static > call-site analysis; Triage > Structrual analysis; Static > Disassembly; Static > IR lifting; Static > static taint analysis,assembly | assembly | ICFG; assembly; IR; imports; constants; tainted values,Code representations | Code representations | Graph representation; Code representations; Code representations; Binary facts; Binary facts; Binary facts,Code representations -> Sequence | Code representations  -> Sequence  | Graph representation; Code representations; Code representations; Binary facts; Binary facts; Binary facts -> Numeric descriptor,Sequence | Sequence | Numeric descriptor,Abstraction by replacement  | Abstraction by replacement  | feature value scaling,N/A,Data-driven segmentation | Data-driven segmentation | N/A,Subword (BPE) | Subword (BPE)  | N/A,Instruction-level (inherited from PalmTree BERT tokenizer + CLAP tokenizer; Sec 4.1) | N/A (DEXTER produces statistical feature vector directly),Sparse | Sparse | Dense,Sparse | Dense,N/A | N/A | N/A,Context-dependent | Context-dependent | Context-independent,BERT-based (PalmTree) | BERT-based (CLAP) | (LDP || BoostNE ) -> Autoencoder ),Generative,Generative,Yes,BERT-based || BERT-based || ((LDP || BoostNE ) -> Autoencoder ),(PalmTree || CLAP || (LDP || BoostNE ) -> Autoencoder))  +  LORD Transformer decoder,BLens (COMBO pretraining + LORD fine-tuning; 153M params),Recovery,Generated function name caption,Precision; Recall; F1; RougeL; Bleu; VarCLR
P063,D11,CCS,TRUE,Debin: Predicting Debug Information in Stripped Binaries,"Assembly, BAP-IR",Variable symbol name recovery,Static > IR lifting; Static > Data-flow analysis; Static > Data-dependence analysis; Static > Call-site analysis; Static > Stack-frame analysis; Triage > Binary profiling | Static > Data-dependence analysis,IR; def-use chains; PDG; CG; Stack-frame layout; strings; constants | PDG,Code representations; Graph representations; Graph representations;  Graph representations;  Binary facts; Text stream; Binary facts  | Graph representations,Code representations; Graph representations; Graph representations;  Graph representations;  Binary facts; String literals; Binary facts -> Numeric descriptor | Graph representations -> Graph,Numeric descriptor | Graph,"N/A | node attribute mapping, edge attribute mapping",N/A | N|A,N/A | N|A,N/A | N|A,N/A | N/A,Sparse | Sparse,Sparse | N/A,"One-hot | Node attribute IDs, Edge attribute IDs",N/A | N/A,N/A | N/A,Discriminative,Classification,Yes,N/A | N/A,Extremely Randomized Trees -> CRF + MAP,Debin (Extremely Randomized Trees + CRF over undirected factor graph),Recovery,Variable name posterior,Accuracy; Precision; Recall; F1 score
P066,D11,USENIX Security,TRUE,Augmenting Decompiler Output with Learned Variable Names and Types,Decompiled code,Variable symbol name recovery,Static > Decompilation | Static > Stack-frame analysis,Pseudocode | Stack-frame layout,Code representations | Binary facts,Code representations -> Sequence | Binary facts -> Sequence,Sequence | Sequence,Abstraction by replacement  | Abstraction by replacement,N/A,Data-driven segmentation | Rule-based decomposition,Subword (BPE) | Custom rule,Byte pair encoding (Subword (BPE)) | Delimiter/symbol-based,Sparse | Sparse,N/A,N/A | N/A,Context-dependent | Context-dependent,Transformer-based | Transformer-based,Generative,Generative,Yes,Transformer-based || Transformer-based,(Transformer-based || Transformer-based) + Transformer-based,DIRTY (Transformer Code Encoder + Data Layout Encoder + autoregressive Type/Name Decoder),Recovery,Variable name + variable type,Name Match; Type Match; prediction accuracy
P067,D11,S&P,TRUE,"“Len or index or count, anything but v1”: Predicting Variable Names in Decompilation Output with Transfer Learning",Decompiled code,Variable symbol name recovery,Static > Decompilation,Pseudocode,Code representations,Code representation -> Sequence,Sequence,Abstraction by replacement,N/A,Data-driven segmentation,Subword (BPE),Byte pair encoding (Subword (BPE)),Sparse,N/A,N/A,Context-dependent,BERT-based,Discriminative,Classification,Yes,BERT-based,BERT-based + MLP classifier,VARBERT (6-layer BERT with CMLM pretraining + fine-tuning),Recovery,Predicted variable name; predicted variable type,Top-1 accuracy; Top-3 accuracy; Top-5 accuracy; average edit distance (AED); character error rate (CER); Accuracy; F1
P068,D11,NDSS,TRUE,Unleashing the Power of Generative Model in Recovering Variable Names from Stripped Binary,Decompiled code,Variable symbol name recovery,Static > Decompilation; Static > call-site analysis,Pseudocode; CG,Code representation; Graph representation,Code representation; Graph representation -> Sequence,Sequence,Abstraction by replacement,Decompiled identifier replacement | N/A,Data-driven segmentation,Subword (Pretrained-LLM),Inherited LLM tokenizer (CodeGemma/CodeLlama Subword (BPE)) | Inherited LLM tokenizer (CodeGemma/CodeLlama Subword (BPE)),Sparse,N/A,N/A,Context-dependent,Transformer-based,LLM-based,LLM-based finetuning,Yes,Transformer-based,CLM fine-tuning (CodeGemma/CodeLlama ) + SymPO + post-processing (iterative call-graph context propagation + data-flow name validation),GENNM (CodeGemma-2B/CodeLlama fine-tuned with CLM + SymPO),Recovery,Generated variable name sequence,Precision; Recall; GPT4Evaluator score
P070,D12,NDSS,TRUE,When Coding Style Survives Compilation: De-anonymizing Programmers from Executable Binaries,"Assembly, Decompiled code",Programmer authorship classification,Static > Disassembly; Triage > Structural analysis; Triage > Binary profiling | Static > Control-flow analysis | Static > Decompilation | Static > Decompilation,Assembly; imports; strings | CFG | Pseudocode | AST,Code Representations; Binary Facts; Text Stream | Graph Representations | Code Representations | Graph Representations,Code Representations; Binary Facts; String Literals -> Numeric descriptor | Graph representation -> Numeric descriptor | Code representation -> Numeric descriptor | Graph representation -> Numeric descriptor,Numeric descriptor | Numeric descriptor | Numeric descriptor | Numeric descriptor,N/A | N/A | N/A | N/A,Assembly instruction element replacement | N/A | N/A | N/A,N/A | N/A | N/A | N/A,N/A | N/A | N/A | N/A,N/A | N/A | N/A | N/A,Dense | Dense | Dense | Dense,Dense | Dense | Dense | Dense,count vector;  frequency vector | count vector;  frequency vector  |  count  vector; frequency vector| frequency vector; TF-IDF,N/A | N/A | N/A | N/A,N/A | N/A | N/A | N/A,Discriminative,Classification,Yes,N/A | N/A | N/A | N/A,Random Forest,Random Forest (500 trees) + Linear SVM,Classification,Programmer ID label,Accuracy
P075,D13,CCS,TRUE,Improving Security Tasks Using Compiler Provenance Information Recovered At the Binary-Level,Assembly,Toolchain provenance classification,Static > Disassembly,Assembly,Code representations,Code representation -> Numeric descriptor,Numeric descriptor,N/A,Assembly instruction element replacement,N/A,N/A,N/A,Sparse,N/A,multi-hot,Context-independent,N/A,Discriminative,Classification,Yes,N/A,LightGBM,LightGBM (68 passes; multi-class for Rich header),Classification,Optimization-pass label vector,Recall; F-1 score
P081,D17,S&P,TRUE,Transcending transcend: Revisiting malware classification in the presence of concept drift,Byte,Malware family classification,Triage > Structural analysis; Triage > Binary profiling,Header; sections; imports; exports; histogram; strings; entropy,Binary Facts; Binary Facts; Binary Facts; Binary Facts; Numerical Statistics; Text Stream; Numerical Statistics,Binary Facts; Binary Facts; Binary Facts; Binary Facts; Numerical Statistics; String Literals; Numerical Statistics -> Numeric descriptor,Numeric descriptor,Feature value scaling,N/A,N/A,N/A,N/A,Dense,N/A,N/A,N/A,N/A,Discriminative,Detection,Yes,N/A,GBDT +  ICE conformal evaluator (p-value based),TRANSCENDENT framework (conformal evaluation) + Linear SVM,Detection,Conformal credibility/confidence; rejection flag,F1; Precision; Recall; Area Under Time (AUT); rejection rate
P082,D14,AAAI,TRUE,Classification of Malware by Using Structural Entropy on Convolutional Neural Networks,Byte,Malware family classification,Triage > Binary profiling,Entropy,Numerical Statistics,Numerical statistics -> Sequence,Sequence,N/A,N/A,Rule-based decomposition,Custom rule,N/A,Dense,N/A,time-series vectors,N/A,N/A,Discriminative,Classification,Yes,N/A,CNN + mlp classifeir,CNN on Haar Wavelet multiresolution entropy + Bagging,Classification,Malware family label,Accuracy; F1 score; Logloss
P083,D14,S&P,TRUE,From grim reality to practical solution: Malware classification in real-world noise,Byte,Malware family classification,Triage > Binary profiling; Triage > Structural analysis; Triage > Binary profiling; Triage > Structural analysis,entropy;  imports; strings; header,Numerical Statistics; Binary Facts; Text Stream; Binary Facts,Numerical Statistics; Binary Facts; String Literals; Binary Facts -> Numeric descriptor,Numeric descriptor,Feature value scaling,N/A,N/A,N/A,N/A,Dense,N/A,count vector,N/A,N/A,Discriminative,Classification,Yes,N/A,MLP with ReLU,MORSE (3-layer MLP + FixMatch + trust score re-weighting),Classification,Malware family label,Accuracy; Precision; Recall; F1
P084,D14,AAAI,TRUE,MalCL: Leveraging GAN-Based Generative Replay to Combat Catastrophic Forgetting in Malware Classification,Byte,Malware family classification,Triage > Structural analysis; Triage > Structural analysis; Triage > Structural analysis; Triage > Structural analysis; Triage > Binary profiling,Header; sections; imports; exports; entropy,Binary Facts; Binary Facts; Binary Facts; Binary Facts; Numerical Statistics,Binary Facts; Binary Facts; Binary Facts; Binary Facts; Numerical Statistics -> Numeric descriptor,Numeric descriptor,Feature value scaling,N/A,N/A,N/A,N/A,Dense,Dense,N/A,N/A,N/A,Discriminative,Classification,Yes,N/A,Generator: CNN; Classifier: CNN + FC,MalCL (Conv1D classifier + GAN generative replay + FML),Classification,Malware family label,Accuracy
P087,D14,USENIX Security,TRUE,Transcend: Detecting Concept Drift in Malware Classification Models,Assembly,Malware family classification,Static > Disassembly,Assembly,Code Representations,Code representation -> Numeric descriptor,Numeric descriptor,N/A,N/A,N/A,N/A,N/A,Dense,N/A,count vector,N/A,N/A,Discriminative,Classification,Yes,N/A,XGBoost classifier +  ICE conformal evaluator (p-value based),Transcend framework (conformal evaluation NCM) + Linear SVM + XGBoost,Classification,p-value conformal score; rejection flag,Precision; Recall; F1-score
P093,D15,CCS,TRUE,Binary Control-Flow Trimming,"Fetched instruction, Assembly",Debloating target detection,Static > Disassembly; Static > Control-flow analysis | Dynamic > Execution tracing,Assembly; CFG | Instruction trace; memory-access trace,Code representations; Graph representations | Text streams; Text streams,Code representations; Graph representations; Text streams; Text streams -> Graph,Graph,Structural transformation,N/A,N/A,N/A,N/A | N/A,Sparse,Sparse,Edge attribute IDs,N/A,N/A,Discriminative,Detection,Yes,N/A,decision tree forest + IRM ( in-lined reference monitor) enforcement,Decision tree forest (CCFG; one per branch site; depth k=4),Detection,Removable control-flow region,False positive ratio; false negative ratio; accuracy; reachable executable code bytes reduction
P094,D15,ESEC/FSE,TRUE,Input-Driven Dynamic Program Debloating for Code-Reuse Attack Mitigation,Byte,Debloating target detection,Security Testing > Fuzzing | Security Testing > Fuzzing,mutated input | mutated input,Test set | Test set,Test sets -> Image | Test sets -> Sequence,Image | Sequence,Image size scaling; pixel value scaling | N/A,N/A | N/A,N/A | Rule-based decomposition,N/A | Custom rule,Byte | Character,Dense | Dense,Dense | N/A,grayscale tensor | N/A,Context-dependent | Context-independent,CNN | TextCNN,Discriminative,Detection,Yes,CNN || TextCNN,CNN + FC || TextCNN + FC,Picup dual-path CNN (LeNet-5 + TextCNN with CBAM),Detection,Per-API debloating decision,Prediction accuracy; FNR; code size reduction
P095,D16,NDSS,TRUE,VulHawk: Cross-architecture Vulnerability Detection with Entropy-based Binary Code Search,Byte,Known vulnerability (bug) detection/clustering,Static > IR lifting | Static > control flow analysis | Triage > Binary profiling,IR | CFG | entropy,Code representations | Graph representations | Numerical statistics,Code representation -> Sequence | Graph representation -> Graph | Numerical statistics -> Numeric descriptor,Sequence | Graph | Numeric descriptor,Abstraction by replacement ; Filtering by removal  | N/A | feature value scaling,Assembly instruction element replacement,Syntactic units | N/A | N/A,Instruction/IR-level | N/A | N/A,"Instruction-level: opcode + 3 root-operand split per microcode triplet (left, right, dest) | N/A | N/A",Sparse | Dense | Dense,N/A| Dense | N/A,N/A | adjacency matrix  | N/A,Context-dependent | Context-dependent | Context-independent,BERT-based | GCN | ResNet,Discriminative,Detection,Yes,((BERT-based -> GCN) -> ResNet),((BERT-based -> GCN) -> ResNet) + MLP classifier,VulHawk (RoBERTa + 16-layer GCN + ResNet + calibration network),Detection; clustering,Vulnerable function candidates ranked by similarity,AUC; Recall@K; Precision; Recall
P096,D16,CCS,TRUE,Scalable Graph-based Bug Search for Firmware Images,Assembly,Known vulnerability (bug) detection/clustering,Satic > Disassembly | Static > control flow analysis,Assembly | CFG,Code representations | Graph representations,Code representations; Graph representations -> Numeric descriptor,Numeric descriptor,N/A,N/A,N/A,N/A,N/A,Dense,Dense,VLAD,N/A,N/A,Discriminative,Detection,Yes,N/A,Spectral clustering,Genius (genetic algorithm + spectral clustering + VLAD encoding + LSH),Detection; clustering,Vulnerable function candidates from codebook search,Recall rate; false positive rate
P097,D16,NDSS,TRUE,Discovre: Efficient cross-architecture identification of bugs in binary code.,Assembly,Known vulnerability (bug) detection/clustering,Static > Disassembly;  Static > Call-site analysis; Static > Stack-frame analysis; Static > Control-flow analysis,Assembly; ICFG; Stack-frame layout,Code representations; Graph representations; Binary facts,Code representations; Graph representations; Binary facts -> Numeric descriptor,Numeric descriptor,Feature value scaling,Numeric value scaling | N/A,N/A,N/A,N/A | N/A,Dense,Dense | Dense,count vectors,N/A,N/A,Discriminative,Detection,Yes,N/A,KNN,discovRE (k-NN on PCA features + mCS structural similarity + GA weight learning),Detection; clustering,k-NN candidate functions,Percent correct; rank
P098,D16,ESEC/FSE,TRUE,Vulseeker-pro: Enhanced semantic learning based binary vulnerability seeker with emulation,"Assembly, Fetched instruction",Known vulnerability (bug) detection/clustering,Static > Disassembly; Static > Control-flow analysis,Assembly; CFG,Code representations; Graph representations,Code representations; Graph representations -> Graph,Graph,Node attribute mapping; Edge attribute mapping,N/A | Assembly instruction element replacement,N/A,N/A,N/A | Element,Dense,Dense | N/A,Node feature mapping; adjacency matrix,Context-dependent,Structure2vec,Discriminative,Detection,Yes,Structure2vec,Structure2vec with SiameseNN (Gemini) + cosine top-M retrieval -> emulation semantic-signature Jaccard reordering,VulSeeker-Pro (Gemini DNN + PyVEX emulation + Jaccard re-ranking),Detection; clustering,Re-ranked vulnerable function candidates,Average rank; Top-1 candidates found; Top-5 candidates found
P101,D19,USENIX Security,TRUE,UVSCAN: Detecting Third-Party Component Usage Violations in IoT Firmware,Assembly,Unknown vulnerability (bug) discovery/clustering,Static Analysis > Disassembly; Static Analysis > Call-site analysis,Assembly; ICFG,Code representations; Graph representations,Code representations; Graph representations -> Graph,Graph,Structural transformation,N/A | N/A,N/A,N/A,Subword (RoBERTa Subword (BPE) tokenizer) | N/A,Dense,N/A | N/A,Edge feature mapping,N/A,N/A,Rule-based reasoning,Deterministic reasoning,No,N/A,Datalog rule-driven checker,all-MiniLM-L6-v2 BERT + angr RDA engine (UVSCAN),Discovery; clustering,Relevant TPC usage label per function,Precision; Recall; F1
P103,D16,ICLR,TRUE,Maximal Divergence Sequential Autoencoder for Binary Software Vulnerability Detection,Assembly,Known vulnerability (bug) detection/clustering,Static Analysis > Disassembly,Assembly,Code representations,Code representation -> Sequence,Sequence,Filtering by removal,Assembly instruction element removal,Syntactic units,whole instruction,Instruction-field-level (opcode + instruction-information),Sparse,Sparse; Dense,one-hot,Context-dependent,RNN-VAE,Discriminative,Detection,Yes,RNN-VAE,RNN-VAE/MDSAE + mlp classifer,MDSAE (LSTM encoder + LSTM decoder + two class-specific Gaussian priors + linear classifier; latent dim 4096),Detection; clustering,Vulnerable/safe sample label,Accuracy; Recall; Precision; F1; AUC
P104,D19,NDSS,TRUE,Faster and Better: Detecting Vulnerabilities in Linux-based IoT Firmware with Optimized Reaching Definition Analysis,IR,Unknown vulnerability (bug) discovery/clustering,Triage > Binary profiling | Static Analysis > Disassembly;  Static Analysis > Call-site analysis; Static Analysis > IR lifting; Static Analysis > Data-flow analysis; Static Analysis > Static taint analysis,Strings | Assembly; ICFG; IR; def-use chains; DDG; tainted values,Text Stream | Code representations; Graph representations; Code representation; Graph representaiton; Graph representaiton; Binary facts,String Literals -> Sequence | Code representations; Graph representations; Code representation; Graph representaiton; Graph representaiton; Binary facts -> Graph,Sequence | Graph,N/A | Structural transformation,N/A | N/A,Data-driven segmentation | N/A,Subword (Pretrained-LLM) | N/A,N/A | Inherited LLM tokenizer,Sparse | N/A,N/A | N/A,N/A | N/A,Context-dependent | N/A,BERT-based | N/A,Discriminative,Detection,Yes,BERT-based | N/A,BERT-based + cosine similarity + fuzzy matching -> source candidate identification -> enhanced CFG + RDA/def-use graph reverse lookup + constraint checks,all-MiniLM-L6-v2 BERT + angr RDA engine (HermeScan),Discovery; clustering,Suspicious function similarity score,TP; FP; TPR; FPR; number of vulnerabilities
P107,D17,AAAI,TRUE,Actor Critic Deep Reinforcement Learning for Neural Malware Control,Fetched instruction,Malware detection,Dynamic > Behavioral monitoring | Dynamic > Behavioral monitoring,API event trace; system event trace,Text streams | Text streams,Text streams -> Sequence | Text stream -> Numeric descriptor,Sequence | Numeric descriptor,N/A | N/A,Numeric value scaling,Syntactic unit | N/A,Trace-level | N/A,Instruction-level,Sparse | Sparse,Sparse,N/A | N/A,Context-dependent | N/A,attention-based LSTM | N/A,Reinforcement Learning,Reinforcement Learning,Yes,attention-based LSTM | N/A,attention-based LSTM + classifier + Actor-Critic,Actor-critic DRL agent (3xFC(200 ReLU) actor + critic) + LSTM pre-trained malware classifier,Detection,Malicious/benign label with stopping policy,TPR at 1% FPR; false positive rate
P108,D17,AAAI,TRUE,Dynamic Malware Analysis with Feature Engineering and Feature Learning,Fetched instruction,Malware detection,Dynamic > Behavioral monitoring,API event trace,Text streams,Text streams -> Sequence,Sequence,Filtering by removal,Numeric value scaling,Syntactic unit,Trace-level,Instruction-level,Dense,Dense,N/A,Context-dependent,Gated-CNN,Discriminative,Detection,Yes,Gated-CNN,Gated CNN + BiLSTM + FC,Gated-CNN + Bi-LSTM + global max pooling + FC(64 ReLU) + dropout(0.5) + sigmoid,Detection,Malicious/benign label,AUC; Accuracy; Recall at 0.1% FPR
P109,D17,NDSS,TRUE,You Are What You Do: Hunting Stealthy Malware via Data Provenance Analysis,Fetched instruction,Malware detection,Dynamic > Behavioral monitoring,Provenance graph,Graph Representations,Graph representation -> Sequence,Sequence,Abstraction by replacement ; Filtering by removal,Event value replacement,Rule-based decompositions,Custom rule,each node/edge label in causal path = one token,Sparse,N/A,N/A,Context-independent,PV-DM,Discriminative,Detection,Yes,PV-DM,PV-DM + Local Outlier Factor anomaly detector (LOF),PV-DM doc2vec + Local Outlier Factor (LOF non-parametric),Detection,Malicious/benign label,Precision; Recall; F1-score
P110,D17,AAAI,TRUE,Classifying Sequences of Extreme Length with Constant Memory Applied to Malware Detection,Byte,Malware detection,Triage > Structural analysis,Byte,Code representations,Code representation -> Sequence,Sequence,N/A,N/A,Atomic units,Byte,Byte-level,Sparse,N/A,N/A,Context-independent,lookup layer,Discriminative,Detection,Yes,lookup layer,CNN + FC,MalConv2 (byte embedding + context sub-net + feature sub-net + GCG gating + fixed-memory temporal max pooling),Detection,Malicious/benign label,Accuracy; AUC
P113,D17,USENIX Security,TRUE,Adversarial Training for Raw-Binary Malware Classifiers,Byte,Malware detection,Triage > Structural analysis,Byte,Code representations,Code representation -> Sequence,Sequence,N/A,N/A,Atomic units,Byte,Byte-level,Sparse,N/A,N/A,Context-independent,lookup layer,Discriminative,Detection,Yes,lookup layer,CNN + FC (using adversarial examples),MalConv + AvastNet with adversarial training (random augmentation / modified IPR-Disp / Kreuk / greedy perturbation),Detection,Malicious/benign label,TPR at 0.1% FPR; natural accuracy; attack success rate
P114,D17,AAAI,TRUE,Feature-Space Bayesian Adversarial Learning Improved Malware Detector Robustness,Byte,Malware detection,Triage > Structural analysis; Triage > Binary profiling,Header; sections; imports; exports; histogram; strings; entropy,Binary Facts; Binary Facts; Binary Facts; Binary Facts; Numerical Statistics; Text Stream; Numerical Statistics,Binary Facts; Binary Facts; Binary Facts; Binary Facts; Numerical Statistics; String Literals; Numerical Statistics-> Numeric descriptor,Numeric descriptor,N/A,File-level (pre-extracted EMBER feature vector per PE),N/A,N/A,N/A,Dense,Dense,N/A,N/A,N/A,Discriminative,Detection,Yes,N/A,Bayesian neural network + feature-space adversarial training,Adv-MalBayes (BNN trained with SVGD + EoT-PGD adversarial training in feature space),Detection,Malicious/benign label,True Positive Rate; False Positive Rate; robustness
P117,D17,CCS,TRUE,"Training Robust ML-based Raw-Binary Malware Detectors in Hours, not Months",Byte,Malware detection,Triage > Structural analysis,Byte,Code representations,Code representation -> Sequence,Sequence,N/A,N/A,Atomic units,Byte,Byte-level,Sparse,N/A,N/A,Context-independent,lookup layer,Discriminative,Detection,Yes,lookup layer,CNN + FC (GreedyBlock data-augmentation),MalConv + AvastNet with GreedyBlock-training (block-based perturbation + dropout + IG attribution),Detection,Malicious/benign label,TPR at 0.1% FPR; natural accuracy; attack success rate
P119,D17,NDSS,TRUE,Revisiting Concept Drift in Windows Malware Detection: Adaptation to Real Drifted Malware with Minimal Samples,Assembly,Malware detection,Static > Control flow analysis | Static > Disassembly,Assembly | CFG,Code representations | Graph Representations,Code representations -> Sequence | Graph representations -> Graph,Sequence | Graph,Abstraction by replacement  |  Node attribute mapping,CFG vertex (basic block) ?? basic blocks form CFG nodes,Data-driven segmentation | N/A,Subword (BPE)  | N/A,N/A,Sparse | Dense,Sparse,N/A | adjacency-matrix,Context-dependent | Context-dependent,BERT-based (PalmTree) |  GIN,Discriminative,Detection,Yes,BERT-based -> GIN,(BERT-based -> GIN ) + MLP classifier,GIN generator + domain discriminator + malware family classifier (minimax adversarial DA),Detection,Malware label adapted to drifted distribution,F1; Accuracy
P120,D17,AAAI,TRUE,SRDC: Semantics-based Ransomware Detection and Classifcation with LLM-assisted Pre-training,Fetched instruction,Malware detection,Dynamic > Behavioral monitoring,API event trace; system event trace,Text streams,Text streams -> Sequence,Sequence,Abstraction by replacement ; Filtering by removal,Per-feature-type segment (hierarchical splice of 11 feature types fed separately to the model),Data-driven segmentation,Subword (Pretrained-LLM,Byte pair encoding (BPE),Sparse,N/A,N/A,Context-dependent,Transformer-based,Discriminative,Detection,Yes,Transformer-based,SRDC-GPT + linear classifier,SRDC-GPT (GPT-2 124M params domain-adapted + Feature Compression Extractor + Feature Combination Classifier),Detection,Malicious/benign label,Balanced Accuracy; Accuracy; Recall; F1-score
P121,D17,NDSS,TRUE,ERW-Radar: An Adaptive Detection System against Evasive Ransomware by Contextual Behavior Detection and Fine-grained Content Analysis,Byte,Malware detection,Dynamic > Behavioral monitoring | Dynamic > Behavioral monitoring,system event trace |  chi-square statistic,Text Streams | Numerical Statistics,Text streams -> Sequence | Numerical Statistics -> Numeric descriptor,Sequence | Numeric descriptor,Filtering by removal  | Feature value scaling,Behavior-sequence dynamic window (compressed by decoder-based Compressor up to 2048) | File segment (512 / 1024 / 2048 byte segments) (multi-branch),Syntactic unit | N/A,Trace-level | N/A,OS event log-level | N/A,Sparse | Dense,N/A | Dense,N/A | N/A,Context-dependent | N/A,Transformer-based | N/A,Discriminative,Detection,Yes,Transformer-based | N/A,Transformer-based + classifier | Random Forest,Correlation mechanism (context-based I/O repetitiveness detection) + Content Analyzer (chi-squared test + byte probability distribution),Detection,Malicious/benign label,Accuracy; FPR; Recall; Precision; F1-Score
P122,D17,NDSS,TRUE,"Density Boosts Everything: A One-stop Strategy for Improving Performance, Robustness, and Sustainability of Malware Detectors",Byte,Malware detection,Triage > Structural analysis; Triage > Binary profiling,Header; sections; imports; exports; histogram; entropy; strings,Binary Facts; Binary Facts; Binary Facts; Binary Facts;  Numerical Statistics; Numerical Statistics; Text Stream,Binary Facts; Binary Facts; Binary Facts; Binary Facts;  Numerical Statistics; Numerical Statistics; String Literals-> Numeric descriptor,Numeric descriptor,Feature value scaling,File-level (one inherited benchmark feature vector per sample),N/A,N/A,N/A,Dense,Dense,N/A,N/A,N/A,Discriminative,Detection,Yes,N/A,SCBNN with DB training (density-boosting),SCB + density-boosting training applied to LightGBM / SVM / MLP,Detection,Malicious/benign label,F1; Precision; Recall; Area Under Time (AUT); attack success rate (ASR)
P128,D18,NDSS,TRUE,DEEPBINDIFF: Learning Program-Wide Code Representations for Binary Diffing,Assembly,Patch presence detection (binary diffing),Static Analysis > Disassembly | Static Analysis > Call-site analysis,Assembly | ICFG,Code representations | Graph representations,Code representations -> Sequence | Graph representations -> Graph,Sequence | Graph,Abstraction by replacement | Structural transformation,Token-level (opcodes + operands per instruction in random walks) | Graph node merging across two ICFGs,Syntactic units | N/A,Instruction/IR-level | N/A,N/A,Dense | Dense,Sparse,TF-IDF | Node feature mapping; adjacency matrix,Context-independent | Context-dependent,CBOW | Deepwalk,Discriminative,Detection,Yes,CBOW -> TADW,(CBOW -> TADW) + k-hop greedy matching,DEEPBINDIFF (Word2Vec CBOW + TADW + k-hop greedy matching + Hungarian algorithm),Detection,Matched function pairs across two binaries,Precision; Recall; F1-score
P130,D19,USENIX Security,TRUE,Finding Bugs Using Your Own Code: Detecting Functionally-similar yet Inconsistent Code,IR,Unknown vulnerability (bug) discovery/clustering,Static Analysis > IR lifting;  Static Analysis > Data-dependence analysis,IR; DDG | IR; DDG,Code representations; Graph representations | Code representations; Graph representations,Code representations; Graph representations -> Graph | Code representations; Graph representations -> Graph,Graph | Graph,Subgraph extraction; Structural transformation | Subgraph extraction; Structural transformation,Function-level (one DDG per function; Constructs extracted from each function for every parameter and local variable),N/A | N/A,N/A | N/A,N/A,Dense | Dense,N/A,Node feature mapping | Node feature mapping; adjacency matrix,Context-independent | Context-dependent,Bag-of-nodes | Graph2vec,Discriminative,Detection,Yes,Bag-of-nodes -> Graph2vec,(Bag-of-nodes + clustering)  -> ( Graph2vec + clustering),FICS (two-step unsupervised clustering: bag-of-nodes + connected-component; graph2vec + connected-component),Discovery; clustering,Inconsistent code group flag,# reports; # bugs found; true positive rate; false positive rate; # CVEs
P131,D19,CCS,TRUE,Coverage-based Greybox Fuzzing as Markov Chain,Fetched instruction,Unknown vulnerability (bug) discovery/clustering,Security Testing > Fuzzing,Coverage maps,Numerical Statistics,Numerical statistics -> Numeric descriptor,Numeric descriptor,N/A,N/A,N/A,N/A,N/A,Dense,N/A,Frequency vector,N/A,N/A,Rule-based reasoning,Deterministic reasoning,No,N/A,Markov-chain-guided power scheduling,AFLFast (Markov chain-guided greybox fuzzer; 5 deterministic power schedules + 2 search strategies),Discovery; clustering,Power schedule per seed; new test inputs,number of unique crashes; number of paths discovered; number of vulnerabilities/bugs exposed
P132,D19,S&P,TRUE,NEUZZ: Efficient Fuzzing with Neural Program Smoothing,Fetched instruction,Unknown vulnerability (bug) discovery/clustering,Security Testing > Fuzzing; Dynamic Analysis > Execution tracing,Mutated input; Coverage maps,Test Sets; Numerical Statistics,Test Sets; Numerical Statistics -> Sequence,Sequence,N/A,File-level (input file padded with null bytes to fixed max length m; threshold <=10KB to filter AFL corpus) | Edge-set level (merge always-co-occurring edges; keep only edges activated at least once during AFL training corpus),Atomic units,Byte,Byte-level,Dense,Dense,N/A,N/A,N/A,Discriminative,Detection,Yes,N/A,MLP,NEUZZ (feed-forward FC NN; 1 hidden layer ReLU 4096 neurons; sigmoid output; gradient G=nabla_x f(theta x) for hot-byte identification),Discovery; clustering,Mutation targets predicted to increase coverage,number of bugs found; number of crashes found; edge coverage
P134,D19,ESEC/FSE,TRUE,MTFuzz: Fuzzing with a Multi-task Neural Network,Fetched instruction,Unknown vulnerability (bug) discovery/clustering,Security Testing > Fuzzing,Mutated input,Test Sets,Test sets -> Sequence,Sequence,Byte value scaling,File-level (input padded with 0x00 to the largest input length n in seed corpus; <=10KB threshold) | Edge-set level (3 separate bitmaps: edge_id + call_trace_id + approach_level; custom LLVM pass instrumented for each metric),Atomic units,Byte,Byte-level,Dense,Dense,N/A,Context-independent,MLP,Discriminative,Detection,Yes,MLP,MLP  +  MLP decoders -> saliency-guided mutation,MTFuzz (shared encoder 2048/1024/512 + 3 task-specific decoders; adaptive binary cross-entropy loss; MSE for approach-sensitive task),Discovery; clustering,Multi-task mutation targets,number of bugs found; edge coverage
P135,D19,ICSE,TRUE,Evaluating and Improving Neural Program-Smoothing-based Fuzzing,"Fetched instruction, Assembly",Unknown vulnerability (bug) discovery/clustering,Security Testing > Fuzzing,Mutated input,Test Sets,Test sets -> Sequence,Sequence,Byte value scaling,File-level (input padded with 0x00 to the largest input length n in seed corpus; <=10KB threshold) | Edge-set level (3 separate bitmaps: edge_id + call_trace_id + approach_level; custom LLVM pass instrumented for each metric),Atomic units,Byte,Byte-level,Dense,Dense,N/A,Context-independent,MLP,Discriminative,Detection,Yes,MLP,MLP + PreFuzz edge selection + probabilistic byte selection -> mutation,PreFuzz (NEUZZ NN backbone unchanged + resource-efficient edge selection (sibling ratio threshold=0.4) + probabilistic byte selection (PBS 8 segments) + AFL_Havoc mutation),Discovery; clustering,Edge-set / probabilistic byte mutations,edge coverage; number of unique crashes
P136,D19,USENIX Security,TRUE,AIFORE: Smart Fuzzing Based on Automatic Input Format Reverse Engineering,"Fetched instruction, Assembly, IR",Unknown vulnerability (bug) discovery/clustering,Dynamic Analysis > Dynamic taint analysis | Dynamic Analysis > Dynamic taint analysis; Static Analysis > IR lifting; Static Analysis > Call site analysis; Triage > Behavior monitoring;,taint trace | taint trace; IR; CG; strings,"Text streams | Text streams, Code representation; Graph representation; Text stream","Text streams -> Sequence | Text streams, Code representation; Graph representation; String Literals -> Numeric descriptor",Sequence | Numeric descriptor,N/A | N/A,File-level (input file padded with null bytes to fixed max length; AFL afl-showmap-derived edge metric used) | Edge-set level (inherited from NEUZZ: merge always-co-occurring edges; drop never-activated edges; PreFuzz further sub-selects via Candidate Edge Set per Algorithm 1),Syntactic units | N/A,Trace-level | N/A,Byte-level,Sparse | Dense,Dense,N/A | count vectors,N/A | Context-dependent,N/A | CNN,Rule-based | Discriminative,Determinstic reasoning | Detection,No | Yes,N/A | CNN,Minimum Cluster field-boundary inference -> CNN field-type classifier -> format-aware power scheduling + type-specific mutators,AIFORE CNN (6 hidden layers; 6-class field type output) + Minimum Cluster algorithm + type-appropriate mutators,Discovery; clustering,Inferred input field grammar + new test inputs,field boundary accuracy; field type Top-1 accuracy; field type Top-2 accuracy; basic block coverage; number of bugs found
P141,D21,FSE,TRUE,Bin2Summary: Beyond Function Name Prediction in Stripped Binaries with Functionality-Specific Code Embeddings,Assembly,Code summarization,Static Analysis > Disassembly; Static Analysis > Call-site analysis; Static Analysis > Data-flow analysis,Assembly; ICFG; def-use chains,Code representations; Graph representations; Graph representations,Code representations; Graph representations; Graph representations-> Sequence,Sequence,Abstraction by replacement,Function-level (FCFG = ICFG with selective callee expansion; functionality-relevant blocks identified per Algorithm 1 ?? block kept if (1) function has no arguments OR (2) contains operation directly/indirectly involving any function argument),Syntactic units,Instruction/IR-level,Instruction-field-level,Sparse,N/A,N/A,Context-dependent,BERT-based (PalmTree)  | Word2Vec | Trasnformer-based(Asm2Vec) | GRU,Generative,Generative,Yes,BERT-based or Word2Vec or Trasnformer-based,(Trasnformer-based (PalmTree) /Word2Vec/Trasnformer-based(Asm2Vec) -> GRU ) + GRU decoder,Bin2Summary (GRU encoder-decoder with Bahdanau attention; distance-based loss; optional transfer learning),Summarization,Natural-language summary,Precision; Recall; BLEU
P142,D21,FSE,TRUE,MiSum: Multi-modality Heterogeneous Code Graph Learning for Multi-intent Binary Code Summarization,"Assembly, Decompiled code",Code summarization,Static Analysis > Disassembly; Static Analysis > Control-flow analysis; Static Analysis > Decompilation; Static Analysis > Data-flow analysis,Assembly; CFG; Pseudocode; AST; DFG,Code representations; Graph representations; Code representations; Graph representation; Graph representation,Code representations; Graph representations; Code representations; Graph representation; Graph representation -> Graph,Graph,Node attribute mapping; Edge attribute mapping; Structural transformation,Function-level (per-function CFG of basic blocks + jump edges) | Function-level (per-function AAST: AST nodes + CFG edges + DFG edges + NCS edges),N/A,N/A,N/A,Dense,Dense,Node feature mapping; adjacency matrix,Context-dependent,HMA-HMP,Generative,Generative,Yes,HMA-HMP,(HMA-HMP) + Transformer decoder,MiSum (MM-HCG heterogeneous graph encoder (HMA+HMP N=8 blocks h=16 heads) + Intent-Tailored Transformer decoder (IAAM + gated fusion)),Summarization,Multi-intent natural-language summary,BLEU; ROUGE-L; METEOR
P144,D22,NeurIPS,TRUE,Coda: An End-to-End Neural Program Decompiler,Assembly,Pseudocode recovery (decompilation),Static > Disassembly,Assembly,Code representations,Code representation -> Sequence,Sequence,Abstraction by replacement,Function-level (50000 randomly generated program pairs per benchmark; programs short S ~15 statements and long L ~30 statements; tree depth max 3; 10-20 percent token errors injected for EC stage; 35 percent tokens masked),Syntactic units,whole instruction,Instruction-level,Sparse,N/A,N/A,Context-dependent,Tree-LSTM,Generative,Generative,Yes,Tree-LSTM,Tree-LSTM +  AST tree decoder with attention -> neural error predictor,Coda (N-ary Tree Encoder + Binary AST decoder + Neural Error Predictor (GRU-based N_EP=10 ensembled) + EC Machine),Recovery,AST-based decompiled program,token accuracy; program accuracy
P146,D22,NDSS,TRUE,DeGPT: Optimizing Decompiler Output with LLM,Decompiled code,Pseudocode recovery (decompilation),Static > Decompilation,pseudo code,Code representations,Code representation -> Sequence,Sequence,N/A,Function-level (one Ghidra-produced function per optimization round; 620 functions total across LeetCode 170 + Mirai 40 + Coreutils 310 + AudioFlux 100),Data-driven segmentation,Subword (Pretrained-LLM,Built-in llm tokenizer,Sparse,N/A,N/A,N/A,N/A,LLM-based,LLM-prompting,No,N/A,LLM,DeGPT (ChatGPT gpt-3.5-turbo orchestrated via three-role mechanism R_ref/R_adv/R_ope + MSSC rule-based semantic fidelity checker),Recovery,Refined decompiled code,Meaningful Variable Ratio (MVR); Effort Ratio (ER); Correct Rate of Comments (CR); Non-trivial Rate of Comments (NR); Optimized Name Ratio (ONR); user-study Likert scores; task-answer accuracy
P148,D22,USENIX Security,TRUE,Decompiling x86 Deep Neural Network Executables,Assembly,Pseudocode recovery (decompilation),Static Analysis > Disassembly | Dynamic Analysis > Execution tracing | Dynamic Analysis > Dynamic taint analysis; Security Testing > Symbolic execution,Assembly | Instruction trace; memory-access trace; runtime-value trace | Taint trace; Symbolic constraint; Symbolic expression,Code representations | Text Streams; Text Streams; Text Streams | Text Streams; Logical Expressions; Logical Expressions,Code representations -> Sequence | Text Streams; Text Streams; Text Streams -> Graph | Text Streams; Logical Expressions; Logical Expressions -> Numeric descriptor,Sequence | Graph | Numeric descriptor,N/A | Structural transformation | N/A,Function-level (assembly function per DNN operator; (one or a few fused) DNN operators compiled into one assembly function) | Per-callsite memory address (Intel Pin hooks every callsite at runtime to record input/output addresses) | One iteration of outermost loop (sufficient as a complete output element is reflected in this subtrace),Data-driven segmentation | N/A | N/A,Subword (BPE) | N/A | N/A,Byte pair encoding (BPE),Sparse | Dense | Dense,N/A,N/A | N/A | N/A,Context-dependent | N/A | N/A,attention-based LSTM | N/A | N/A,Discriminative | Rule-based reasoning | Rule-based reasoning,Classification | Deterministic reasoning | Deterministic reasoning,Yes | No | No,attention-based LSTM | N/A | N/A,LSTM with attention + callsite trace-based topology recovery -> taint-reduced symbolic execution + constraint-pattern recovery,BTD neural identifier (LSTM+attention; multi-label classification) + Intel Pin (topology) + taint analysis+SE (dimension/parameter recovery),Recovery,Decoded DNN operator sequence,DNN operator inference accuracy; network topology correctness; dimension inference accuracy; parameter inference accuracy; recompilation behavioral equivalence
P150,D14,NeurIPS,TRUE,EMBERSim: A Large-Scale Databank for Boosting Similarity Search in Malware Analysis,Byte,Malware family classification,Triage > Structural analysis; Triage > Binary profiling,Header; sections; imports; exports; histogram; entropy; strings,Binary Facts; Binary Facts; Binary Facts; Binary Facts; Numerical Statistics; Numerical Statistics; Text Stream,Binary Facts; Binary Facts; Binary Facts; Binary Facts; Numerical Statistics; Numerical Statistics; String Literals-> Numeric descriptor,Numeric descriptor,N/A,Sample-level (one EMBER feature vector per binary; AVClass v2 tag enrichment via co-occurrence threshold T per Algorithm 1),N/A,N/A,N/A,Dense,Dense,N/A,N/A,N/A,Discriminative,Detection,Yes,N/A,Gradient-boosted decision tree ensemble (XGBoost),"XGBoost gradient-boosted decision tree ensemble (max_depth=17, n_estimators=2048, eta=0.15)",Classification,Pairwise malware similarity score,Top-K label homogeneity; Relevance@K; Exact match; Jaccard index; Normalized edit similarity; mAP
P151,D14,USENIX Security,TRUE,DeepReflect: Discovering Malicious Functionality through Binary Reconstruction,Assembly,Malware family classification,Static > Disassembly; Call-site analysis,assembly; ICFG,Code representaion; Graph representation,Code representaion; Graph representation -> Numeric descriptor,Numeric descriptor,Feature value scaling,Function-level (per-function basic blocks from BinaryNinja CFG; m = first 20000 basic blocks per binary because 95 percent of dataset samples have <= 20K basic blocks),N/A,N/A,N/A,Dense,Dense,N/A,Context-independent,Autoencoder,Discriminative,Detection,Yes,Autoencoder,autoencoder + LMSE RoI detection + PCA + HDBSCAN clustering,DeepReflect: U-Net autoencoder reconstruction (MSE) -> per-block RoI score (LMSE > threshold) -> HDBSCAN clustering -> semi-supervised MITRE ATT&CK label propagation,Classification,Discovered malicious behavior clusters,MSE; localized MSE (LMSE); ROC curve; true positive rate (TPR); false positive rate (FPR); top-100 precision; Silhouette Coefficient; Davies-Bouldin Score; analyst-cluster match rate; highlighted-function percentage / search-space reduction